Model,R2_Test,MSE_Test
Ridge_Tuned,0.0018481813049147089,12.796863422675703
Lasso_Tuned,-0.009863701986787765,12.947016303328839
ElasticNet_Tuned,0.0046171982029838965,12.76136308054739
RandomForest_Tuned,0.6127473991694075,4.964794483251734
LinearRegression_Tuned,-0.0038363702887573847,12.86974254687394
