Metric,Value
R-squared,0.8137502763338578
MSE,12.103973211571486
