Split,R-squared,MSE
Train,0.7728143743332757,39.11225402801462
Validation,0.8374448473003303,16.810190354033825
Test,0.8137502763338578,12.103973211571486
