Cluster,PCA1_mean,PCA1_std,PCA2_mean,PCA2_std,X_Centroid_Velocity_MA_mean,X_Centroid_Velocity_MA_std
0,-1.8095079801003018,1.082729405449754,0.05015422496907537,0.7670973468501644,27902.961842105266,8620.843685749358
1,1.9729691069235016,1.5672164837769538,0.38707814879941754,1.1820763047243352,55315.1247311828,18636.59076479451
