Model,R2_Test,MSE_Test
Ridge_Tuned,0.01209227064531182,30.57201930819812
Lasso_Tuned,0.010526163843857184,30.620484408682806
ElasticNet_Tuned,0.0015903079075733073,30.89701545718244
RandomForest_Tuned,0.055664776835885776,29.22361453214181
XGBoost_Tuned,0.0628842147031703,29.000200151107325
LinearRegression_Tuned,0.013745129860467276,30.520869547610182
