Model,R2_Test,MSE_Test
Ridge_Tuned,-0.0007781306211267491,23.783701464982684
Lasso_Tuned,-0.00031583672182344813,23.77271495383332
ElasticNet_Tuned,0.0002527222098741566,23.759203031976718
RandomForest_Tuned,0.03686239588884044,22.88916648454481
XGBoost_Tuned,0.01466841167488242,23.416611158556325
LinearRegression_Tuned,0.0011733175868062773,23.737324890413607
