Model,R2_Test,MSE_Test
Ridge_Tuned,0.004282300176870146,32.39050136136669
Lasso_Tuned,-0.011533287291470407,32.904979317834766
ElasticNet_Tuned,-0.011533287291470407,32.904979317834766
RandomForest_Tuned,0.07634275448157868,30.046388925008504
XGBoost_Tuned,0.048080876554448926,30.96574226746298
LinearRegression_Tuned,0.00710241462369221,32.29876359187115
