Feature,Importance
PC5,0.2087288
PC6,0.19029506
PC3,0.17883049
PC4,0.16562559
PC2,0.13952512
PC1,0.11699491
