Feature,Importance
PC2,0.526448244686614
PC1,0.47355175531338595
