Feature,Importance
PC1,0.1659028686861273
PC4,0.1475382130848922
PC3,0.13326357839441974
PC7,0.11851579613263022
PC6,0.11659411935814369
PC5,0.10904779233426201
PC2,0.10578192588942598
PC8,0.10335570612009884
