Feature,Importance
PC5,0.20119973
PC6,0.20105228
PC3,0.17505611
PC4,0.15524155
PC2,0.14646244
PC1,0.120987944
