Model,R2_Val,MSE_Val
Ridge_Tuned,0.01323945818529848,102.04310516321388
Lasso_Tuned,0.01707911362174086,101.646037843547
ElasticNet_Tuned,0.022938508390739742,101.04010478150325
RandomForest_Tuned,0.4511207425848208,56.76082637366094
XGBoost_Tuned,0.46712355929204374,55.105939459395344
LinearRegression_Tuned,0.013206171555121604,102.04654740777042
