Model,R2_Test,MSE_Test
Ridge_Tuned,0.01833914530815106,125.27406470090553
Lasso_Tuned,-0.004642091235528278,128.2068015009111
ElasticNet_Tuned,0.00043796520987626764,127.55851312638318
RandomForest_Tuned,0.28563897094624946,91.16275681745188
XGBoost_Tuned,0.18607004692633544,103.86918569281511
LinearRegression_Tuned,0.013277463902132247,125.9200081557375
