Feature,Importance
PC3,0.4606730937401729
PC2,0.16132939102080276
PC1,0.1396803591718778
PC5,0.1266979978472425
PC4,0.111619158219904
