Model,R2_Test,MSE_Test
Ridge_Tuned,0.004908577214359,56.90384802975777
Lasso_Tuned,0.003440313916115656,56.98780999513882
ElasticNet_Tuned,-0.004966099887488307,57.46852692486215
RandomForest_Tuned,0.3681670111415791,36.131080577037835
LinearRegression_Tuned,0.010274729459513687,56.59698706716599
