Feature,Importance
PC1,0.3196780172493094
PC2,0.18371355157774666
PC5,0.1750282593550453
PC3,0.17311381185609423
PC4,0.14846635996180457
