Cluster,PCA1_mean,PCA1_std,PCA2_mean,PCA2_std,Area_MA_mean,Area_MA_std
0,4.052043191449305,1.3135893802908447,-1.3411343525585295,0.9876471285924981,14459.888750000002,4611.95015650518
1,0.6680458187776048,0.7492693773616977,0.210503466931713,0.8463725101752722,20974.151953125,4499.495757385772
2,-0.8468654643407078,1.0573967584421768,2.20167850420979,1.061236804747967,28203.65904761905,2304.5971855475536
3,-1.7566948453903937,0.8462428356307332,-1.664890333627376,0.7883974285240213,14580.73645083933,2079.7467494428033
