Cluster,PCA1_mean,PCA1_std,PCA2_mean,PCA2_std,Area_MA_mean,Area_MA_std
0,4.052043191449305,1.313589380290845,-1.3411343525585384,0.9876471285924983,14459.888750000002,4611.95015650518
1,0.668045818777606,0.7492693773616995,0.2105034669317115,0.846372510175272,20974.151953125,4499.495757385772
2,-0.8468654643407025,1.057396758442176,2.2016785042097937,1.0612368047479692,28203.65904761905,2304.5971855475536
3,-1.7566948453903997,0.8462428356307332,-1.6648903336273735,0.7883974285240218,14580.73645083933,2079.7467494428033
