Cluster,PCA1_mean,PCA1_std,PCA2_mean,PCA2_std,Area_MA_mean,Area_MA_std
0,2.4618864486849996,1.6198871576043743,0.22987922368198968,1.0605253637543997,60498.20641025641,17526.473180414207
1,-1.5940950568113599,1.2734804169808978,-0.1488489992423611,0.8492845989593137,28187.852139208175,8058.692903882116
