Metric,Value
R-squared,0.8729920109226974
MSE,5.755398737817719
