Split,R-squared,MSE
Train,0.9894514896469795,0.5063576960550608
Validation,0.8959078717502039,6.055241825334152
Test,0.8729920109226974,5.7553987378177185
