Cluster,PCA1_mean,PCA1_std,PCA2_mean,PCA2_std,X_Centroid_Velocity_MA_mean,X_Centroid_Velocity_MA_std
0,0.7404927548456484,0.6305074581101108,1.642239262941642,0.49525038980240843,45071.29696969697,14009.3235682259
1,-3.6533588535525876,0.5733884296153448,0.3078822635434462,0.5359854259201033,20142.92777777778,2500.358909720422
2,4.498278912998104,0.4625809755536,0.020572326084943304,0.47738049375814673,80204.21111111112,3886.7591057012582
3,-1.6508683626862841,0.48359775224251317,-0.08436862724316523,0.33671464176663685,27885.43,6366.056212089804
4,1.681159077756573,0.41295408539491296,-0.3077108405057018,0.3700289624989872,66073.43809523809,14405.619667701774
5,-2.2755992158075937,0.8066215777162051,-1.1291092329858978,0.5677020249529967,25582.402666666665,4633.441621055923
6,-0.04485035932026931,0.3879034000825831,-0.6078970014615972,0.6390884255326051,34934.72619047619,10217.399348917303
