Metric,Value
R-squared,0.6591488560592943
MSE,12.293632267070121
