Metric,Value
R-squared,-0.03658263641468218
MSE,37.386894464197496
