Metric,Value
R-squared,0.04945395704076527
MSE,28.91156761097345
