Metric,Value
R-squared,0.02172117451112654
MSE,33.21134920086128
