Split,R-squared,MSE
Train,0.17656340485284794,34.71930502815642
Validation,0.006820307993307129,31.24506545436588
Test,0.04945395704076527,28.91156761097345
