Split,R-squared,MSE
Train,0.21365604899284174,34.094027641064244
Validation,0.04617596373087829,33.3715268634129
Test,0.02172117451112654,33.21134920086128
