Split,R-squared,MSE
Train,0.21748771084927554,30.65741924021623
Validation,0.03998877879059792,48.84209326875447
Test,-0.03658263641468218,37.386894464197496
