Split,R-squared,MSE
Train,0.9638371561213165,1.4167949578281203
Validation,0.6926206989789374,15.638409382800935
Test,0.6591488560592942,12.293632267070125
