Cluster,PCA1_mean,PCA1_std,PCA2_mean,PCA2_std,X_Centroid_Velocity_MA_mean,X_Centroid_Velocity_MA_std
0,-2.1280560050789954,0.9521693716170758,-0.06472925428902365,0.6419277520914644,27020.800264550267,6996.109782978557
1,1.2812550350135776,1.0177642377469172,-1.45054676781807,0.5897437179517742,57591.24791666667,15097.039942367157
2,0.2722681698930791,0.8610366778894344,0.6661820662320541,0.49301532523818975,37255.58390804598,10895.314320162068
3,4.78560116396524,0.6249043181822819,0.3636829914043763,0.6340761172158167,79145.08,4745.419915063969
