Cluster,PCA1_mean,PCA1_std,PCA2_mean,PCA2_std,X_Centroid_Velocity_MA_mean,X_Centroid_Velocity_MA_std
0,2.8466455595909506,1.7935259273155444,0.33922759255085405,0.8767343277156819,61782.85922619048,17916.321724048303
1,-1.2749987337880082,1.1677927083382005,-0.19623282257708935,0.6832493065065894,28480.053558052434,8015.329874791978
