Cluster,PCA1_mean,PCA1_std,PCA2_mean,PCA2_std,X_Centroid_Velocity_MA_mean,X_Centroid_Velocity_MA_std
0,1.7663167189735267,0.9389055411904431,-0.24282898453229762,0.48540557852229066,0.6086485197913397,0.06489817112734048
1,-3.4789063031899907,0.24793331365756777,-0.325140964953942,0.051819437586351984,0.4097211568848474,0.012064584533521579
2,-0.1739345264388493,0.5595093707328662,-0.3319895571177339,0.6401531510638353,0.5244249305974281,0.03863200842839626
3,0.27767847904559234,0.42013469103887274,1.521312504762252,0.17940874336110627,0.6714341461217563,0.027764879069890308
