Cluster,PCA1_mean,PCA1_std,PCA2_mean,PCA2_std,X_Centroid_Velocity_MA_mean,X_Centroid_Velocity_MA_std
0,2.128713064888125,1.044669233847942,-0.16839284336062948,0.7213391372271066,0.9516086086086077,24.299144739618725
1,-4.808389789588312,0.7437287008340727,-0.19420171684625503,0.752399955640628,-0.0408290598290555,26.36818927487482
2,-0.6870035636931625,0.8137960172295677,1.1338226013149864,0.6602149567174418,-4.332512820512819,31.06436682679951
3,-1.174059738346247,1.0797921761117137,-1.1571112525000935,0.6378491380424781,-1.2192473118279588,32.674979589303234
