Cluster,PCA1_mean,PCA1_std,PCA2_mean,PCA2_std,X_Centroid_Velocity_MA_mean,X_Centroid_Velocity_MA_std
0,-0.2812803015039391,0.4674607244011298,-0.6122589596629127,0.6450234771025766,6.339148888888887,42.945805559302215
1,2.1309288285767964,0.692522503358335,-1.3597994202052337,0.723521047839502,-0.9804420875420861,3.856822179991952
2,-4.914840373054472,0.5012371457118742,-0.14778122399770893,0.6219098430461135,-2.1858614718614726,6.867328508674573
3,1.2733275696625908,0.5256978267482627,0.10464835619082373,0.39566245368855846,1.706088652482269,31.718709857987363
4,-1.082149816724364,0.6278386299834469,1.5441701413779336,0.47093795017253776,-6.644037957557216,20.321606131089887
5,3.3429343992328593,0.7020954838676812,0.3938110027831049,0.47666270239038355,-1.8943546099290773,4.739265255377965
6,-2.060800585147421,0.5225225373970824,-0.6979292480418776,0.47317929939431014,-9.728943758573386,20.76633919834343
