Model,R2_Test,MSE_Test
Ridge_Tuned,-0.003640283086067342,57.95521295129228
Lasso_Tuned,-0.00571339415497607,58.074924759890536
ElasticNet_Tuned,-0.00571339415497607,58.074924759890536
RandomForest_Tuned,0.011689161422552052,57.070014104759075
XGBoost_Tuned,0.0037663045454110478,57.52751951305678
LinearRegression_Tuned,-0.006661097176695163,58.12964987541641
