Model,R2_Test,MSE_Test
Ridge_Tuned,-0.017020175693105655,63.56604162705533
Lasso_Tuned,-0.016423964087549203,63.52877706471613
ElasticNet_Tuned,-0.016355815450578293,63.52451762208358
RandomForest_Tuned,0.028150410849419716,60.742778674062436
XGBoost_Tuned,-0.007563437738184131,62.97497429833787
LinearRegression_Tuned,-0.019827630450014233,63.74151384502004
