Feature,Importance
PC2,0.2859579298775524
PC4,0.21778986499492062
PC3,0.20533185163380538
PC5,0.15733631168194964
PC1,0.1335840418117719
