Feature,Importance
PC2,0.21802898038820748
PC3,0.20320825763298922
PC4,0.20288655080948048
PC5,0.1919187823386173
PC1,0.1839574288307055
