Metric,Value
R-squared,0.7231475558297645
MSE,14.166064385763915
