Metric,Value
R-squared,0.1094077332545823
MSE,51.41496442504961
