Split,R-squared,MSE
Train,0.7699360662514705,39.09381329877411
Validation,0.6928213336282507,43.52530355992828
Test,0.7231475558297645,14.166064385763915
