Split,R-squared,MSE
Train,0.8512599638886115,21.42335798051133
Validation,0.6929194671436891,65.08906717356159
Test,0.1094077332545823,51.41496442504961
