Cluster,PCA1_mean,PCA1_std,PCA2_mean,PCA2_std,X_Centroid_Velocity_MA_mean,X_Centroid_Velocity_MA_std
0,-1.9467455234002458,1.0333451304358192,-0.30069656590483623,0.7233277807188775,27017.448958333334,8091.782576250056
1,1.6578198278547254,0.8307171483389907,-1.0996720016291326,0.5173400251760474,59060.525925925926,13401.253433472113
2,0.8708436174688869,0.7081548976780937,0.9584227676994721,0.519629865715611,40849.00131578947,9939.404956742626
3,4.8810945102250205,0.4609668413024889,0.2915423036610938,0.5957720713505977,80139.2,3965.255998221121
