Cluster,PCA1_mean,PCA1_std,PCA2_mean,PCA2_std,X_Centroid_Velocity_MA_mean,X_Centroid_Velocity_MA_std
0,-1.8149175077481676,1.0715728132718318,0.0916440333443109,0.896379153260631,27329.710714285717,8415.330967051412
1,1.6006876517895146,1.2765301633112687,0.382568328010428,1.087796755580136,50850.419444444444,18534.556112240058
