Cluster,PCA1_mean,PCA1_std,PCA2_mean,PCA2_std,X_Centroid_Velocity_MA_mean,X_Centroid_Velocity_MA_std
0,-3.2013933291845706,0.7638376126733624,0.27292159639088226,0.7579417369169839,-0.30042070585220043,8.394635621722525
1,4.819994986650409,0.6070148228072924,0.34536007877748004,0.7002828935388031,2.089741591077816,14.801658616567787
2,0.9078456534711862,0.7428116833929393,-1.267414481208257,0.6221406733033245,-1.4849611365405813,41.0877549411077
3,1.46344651102953,0.8336635803487297,1.1503086028424128,0.5837792260427034,-4.89219041390069,16.927460733989122
4,-1.1496309182009696,0.5778670222672435,0.18998125024154108,0.765069586945468,-0.14451090540917463,13.99344818827578
