Cluster,PCA1_mean,PCA1_std,PCA2_mean,PCA2_std,X_Centroid_Velocity_MA_mean,X_Centroid_Velocity_MA_std
0,-3.2013933291845698,0.7638376126733621,0.2729215963908825,0.75794173691698,-0.30042070585220043,8.394635621722525
1,4.819994986650409,0.607014822807293,0.3453600787774785,0.7002828935388012,2.089741591077816,14.801658616567787
2,0.9078456534711854,0.7428116833929395,-1.267414481208254,0.6221406733033223,-1.4849611365405813,41.0877549411077
3,1.4634465110295307,0.8336635803487297,1.1503086028424132,0.5837792260427036,-4.89219041390069,16.927460733989122
4,-1.1496309182009696,0.5778670222672433,0.1899812502415388,0.7650695869454663,-0.14451090540917463,13.99344818827578
