Model,R2_Test,MSE_Test
Ridge_Tuned,0.006814494499766233,126.00258656527754
Lasso_Tuned,0.004367396793605205,126.31304280819153
ElasticNet_Tuned,0.0056522487382351105,126.15003733994796
RandomForest_Tuned,0.4743116300666812,66.69257049368714
XGBoost_Tuned,0.5718043590035318,54.32394857026968
LinearRegression_Tuned,-0.007547779485769679,127.82468692932306
