Feature,Importance
PC3,0.3640588
PC2,0.18337765
PC5,0.16941684
PC1,0.15510906
PC4,0.12803757
