Cluster,PCA1_mean,PCA1_std,PCA2_mean,PCA2_std,Convexity_MA_mean,Convexity_MA_std
0,1.0750982556669024,0.7707604170066251,-1.3604735368480525,0.5481982978379382,0.9508537859221793,0.020901567057235587
1,-2.01406961519464,1.0737046757097122,0.20269163135717774,0.8125798427463858,0.9382203732557592,0.04194621021741271
2,5.173219955443763,0.5301354727348276,0.3670243548157227,0.6332398743748492,0.8532008033937087,0.05027310314520393
3,1.6736444740217538,0.9190059248269954,0.6996170027293878,0.4770872485360624,0.8265987797878984,0.04389257951480366
