Cluster,PCA1_mean,PCA1_std,PCA2_mean,PCA2_std,Convexity_MA_mean,Convexity_MA_std
0,1.075098255666903,0.7707604170066251,-1.3604735368480492,0.548198297837941,0.9508537859221793,0.020901567057235587
1,-2.0140696151946402,1.0737046757097124,0.20269163135718152,0.8125798427463893,0.9382203732557592,0.04194621021741271
2,5.173219955443763,0.5301354727348275,0.36702435481574325,0.6332398743748415,0.8532008033937087,0.05027310314520393
3,1.673644474021754,0.9190059248269954,0.6996170027293701,0.4770872485360599,0.8265987797878984,0.04389257951480366
