Metric,Value
R-squared,0.8579269639549414
MSE,2.967488591042172
