Split,R-squared,MSE
Train,0.9404577968712038,1.0625240060111747
Validation,0.5340226712216568,21.342743705356927
Test,0.8579269639549414,2.967488591042172
