Cluster,PCA1_mean,PCA1_std,PCA2_mean,PCA2_std,X_Centroid_Velocity_MA_mean,X_Centroid_Velocity_MA_std
0,-2.025565269397183,0.94563975560095,-0.8904907949314261,0.5941845832246601,14747.71294117647,3826.2506702613937
1,0.4999928312406861,0.7187356059574184,-0.2054303049673234,0.5498351989352167,19945.968571428573,4566.882814144497
2,3.9863644207871656,1.0521620844559005,-0.7445744910603128,0.6882103045102465,15215.0125,5381.12972152069
3,-0.17718806324024933,0.9217605937000324,1.8602484391813459,0.7331296844909851,32231.56289308176,5044.5399848877
