Cluster,PCA1_mean,PCA1_std,PCA2_mean,PCA2_std,Area_MA_mean,Area_MA_std
0,1.224618723822698,0.9774665782851111,-1.3396663763735588,0.5473075322532618,59005.09786666667,14747.291469736556
1,-2.1468684464042758,0.8359313633346667,-0.046593872859354846,0.7586460791476124,28094.58671411625,6535.156969965657
2,0.4435146080296739,0.8152392580937179,0.883912850123018,0.4989853847629108,39350.78572796935,10475.276267628291
3,4.8444305346052055,0.504560787714148,0.34740700517881046,0.6191632997562746,79050.80497835498,3984.966670679433
