Cluster,PCA1_mean,PCA1_std,PCA2_mean,PCA2_std,Convexity_MA_mean,Convexity_MA_std
0,0.9167555401193738,0.9764866464031724,0.7000079656288988,0.6127339598791609,0.838793222849345,0.04579980156367103
1,-2.0588735198665367,1.0631491118943859,0.08833980123496012,0.7342993379272493,0.9367784188852984,0.039957284550755735
2,0.9661659998299665,0.6812101376567907,-1.4458501926822553,0.5371766674130249,0.9514081937295317,0.018140073653512806
3,4.662333412388256,0.6806829193741326,0.21959310699052775,0.6271424020095605,0.8388783118467374,0.04959549739817836
