Cluster,PCA1_mean,PCA1_std,PCA2_mean,PCA2_std,Area_MA_mean,Area_MA_std
0,1.0114248597461604,0.9639406952803047,0.5110127566291376,0.5696447574724708,49932.99069981583,17309.12568304207
1,-2.0329270126802124,1.032901381558435,0.13517137818881292,0.8388021194533155,27002.14397163121,6796.500820312716
2,0.9614701161484618,0.6858540911767848,-1.4773011139619103,0.5538462360507521,45288.216346153844,10945.688827549226
3,4.822152443478684,0.6006882167105136,0.20843279347556581,0.6056094379246331,78439.77479166667,5031.084223274408
