Metric,Value
R-squared,0.8432232034667562
MSE,1.8176649732833254
