Split,R-squared,MSE
Train,0.6959666851365551,10.091580730616572
Validation,0.8103976706564971,2.196952314872898
Test,0.8432232034667562,1.8176649732833254
