Cluster,PCA1_mean,PCA1_std,PCA2_mean,PCA2_std,X_Centroid_Velocity_MA_mean,X_Centroid_Velocity_MA_std
0,-0.32280922778244014,1.0612989080192474,0.2218841686447492,1.5358163080042624,22109.46338383838,8515.460411733324
1,3.525161604188162,1.2382425368790007,-0.6084471408318061,0.9183148995888943,11403.2,9137.679215666363
