Cluster,PCA1_mean,PCA1_std,PCA2_mean,PCA2_std,Solidity_MA_mean,Solidity_MA_std
0,2.4618864486849996,1.6198871576043743,0.22987922368198976,1.0605253637543985,0.6825815458316749,0.09880226801988447
1,-1.5940950568113597,1.2734804169808975,-0.1488489992423612,0.8492845989593137,0.8329992498231864,0.06701671503190564
